Title,Price,Location,Date
Духова шафа + Мікрохвильовка H6260 + M6030 Топ стан Пар,47 000 грн.,Стан: Вживане,07 травня 2024 р.
Духова шафа + Мікрохвильовка H6260 + M6030 Топ стан Пар,47 000 грн.,Стан: Вживане,07 травня 2024 р.
Колона 3в1 Духова + Мікрохвильова + Парова шафи Білий Лотос 2022рік,88 000 грн.,Стан: Вживане,06 травня 2024 р.
Колона 3в1 Духова + Мікрохвильова + Парова шафи Білий Лотос 2022рік,88 000 грн.,Стан: Вживане,06 травня 2024 р.
"Духова шафа Whirlpool нержавійка, гарантія, доставка.",2 999 грн.,Стан: Вживане,Сьогодні о 06:17
"Духова шафа Whirlpool нержавійка, гарантія, доставка.",2 999 грн.,Стан: Вживане,Сьогодні о 06:17
"Духова шафа Bosch, доставка, гарантія",3 100 грн.,Стан: Вживане,07 травня 2024 р.
"Духова шафа Bosch, доставка, гарантія",3 100 грн.,Стан: Вживане,07 травня 2024 р.
Духова шафа whirlpool,850 грн.,Стан: Вживане,06 травня 2024 р.
Духова шафа whirlpool,850 грн.,Стан: Вживане,06 травня 2024 р.
Electrolux духова шафа,2 500 грн.,Стан: Вживане,07 травня 2024 р.
Electrolux духова шафа,2 500 грн.,Стан: Вживане,07 травня 2024 р.
"Духова шафа Samsung BT63TDBFGB, доставка, гарантія",3 000 грн.,Стан: Вживане,06 травня 2024 р.
"Духова шафа Samsung BT63TDBFGB, доставка, гарантія",3 000 грн.,Стан: Вживане,06 травня 2024 р.
Духова шафа з конвекцією та грилем Electrolux EOB33100X. Європа.,3 100 грн.,Стан: Вживане,01 травня 2024 р.
Духова шафа з конвекцією та грилем Electrolux EOB33100X. Європа.,3 100 грн.,Стан: Вживане,01 травня 2024 р.
Духова шафа + мікрохвильовка Siemens iQ700 НВЧ! Піроліз,32 900 грн.,Стан: Вживане,16 квітня 2024 р.
Духова шафа + мікрохвильовка Siemens iQ700 НВЧ! Піроліз,32 900 грн.,Стан: Вживане,16 квітня 2024 р.
Духова шафа з СВЧ 2 в 1 BOSCH HBN 884751,10 000 грн.,Стан: Вживане,06 травня 2024 р.
Духова шафа з СВЧ 2 в 1 BOSCH HBN 884751,10 000 грн.,Стан: Вживане,06 травня 2024 р.
Духова шафа ZANUSSI ZOG521317X,2 500 грн.,Стан: Вживане,01 травня 2024 р.
Духова шафа ZANUSSI ZOG521317X,2 500 грн.,Стан: Вживане,01 травня 2024 р.
"Ariston комплект, газова варильна поверхня + електрична духова шафа",5 700 грн.,Стан: Вживане,Сьогодні о 04:44
"Ariston комплект, газова варильна поверхня + електрична духова шафа",5 700 грн.,Стан: Вживане,Сьогодні о 04:44
Продам Духову Шафу VestFrost BOV 75 WGTP.,3 500 грн.,Стан: Нове,25 квітня 2024 р.
Продам Духову Шафу VestFrost BOV 75 WGTP.,3 500 грн.,Стан: Нове,25 квітня 2024 р.
ТОП 2в1 духовка пароварка духова шафа духовой шкаф с паром Electrolux,6 999 грн.,Стан: Вживане,07 травня 2024 р.
ТОП 2в1 духовка пароварка духова шафа духовой шкаф с паром Electrolux,6 999 грн.,Стан: Вживане,07 травня 2024 р.
НОВА Духова шафа з паровою 2в1 Beko BIDM15500XDS,29 900 грн.,Стан: Нове,07 травня 2024 р.
НОВА Духова шафа з паровою 2в1 Beko BIDM15500XDS,29 900 грн.,Стан: Нове,07 травня 2024 р.
Духова Шафа SIEMENS FD5872 ДУХОВКА Вбудована СВЧ 2в1 Мікрохвильовка,7 690 грн.,Стан: Вживане,06 травня 2024 р.
Духова Шафа SIEMENS FD5872 ДУХОВКА Вбудована СВЧ 2в1 Мікрохвильовка,7 690 грн.,Стан: Вживане,06 травня 2024 р.
Духова шафа Whirlpool AKP 458/NB,6 000 грн.,Стан: Вживане,23 квітня 2024 р.
Духова шафа Whirlpool AKP 458/NB,6 000 грн.,Стан: Вживане,23 квітня 2024 р.
Духова шафа фагор,2 200 грн.,Стан: Вживане,15 квітня 2024 р.
Духова шафа фагор,2 200 грн.,Стан: Вживане,15 квітня 2024 р.
Духова шафа,6 300 грн.,Стан: Вживане,07 травня 2024 р.
Духова шафа,6 300 грн.,Стан: Вживане,07 травня 2024 р.
Вбудована духова шафа ARISTON Mod. CISFBG IX,1 500 грн.,Стан: Вживане,30 квітня 2024 р.
Вбудована духова шафа ARISTON Mod. CISFBG IX,1 500 грн.,Стан: Вживане,30 квітня 2024 р.
Духова шафа pyramida,2 100 грн.,Стан: Вживане,01 травня 2024 р.
Духова шафа pyramida,2 100 грн.,Стан: Вживане,01 травня 2024 р.
ТОП духова шафа духовка пічка печка духовой шкаф Teka,4 999 грн.,Стан: Вживане,06 травня 2024 р.
ТОП духова шафа духовка пічка печка духовой шкаф Teka,4 999 грн.,Стан: Вживане,06 травня 2024 р.
"Електро плити , духові шафи опт/розница",4 999 грн.,Стан: Вживане,16 квітня 2024 р.
"Електро плити , духові шафи опт/розница",4 999 грн.,Стан: Вживане,16 квітня 2024 р.
"Духовий/духова шафа Beko BVR 34500 BGMS, доставка, гарантія",3 199 грн.,Стан: Вживане,03 травня 2024 р.
"Духовий/духова шафа Beko BVR 34500 BGMS, доставка, гарантія",3 199 грн.,Стан: Вживане,03 травня 2024 р.
Духова шафа вбудовувана BOSCH HBG636BB1 + Bosch BFR 634GB1,57 000 грн.,Стан: Вживане,08 квітня 2024 р.
Духова шафа вбудовувана BOSCH HBG636BB1 + Bosch BFR 634GB1,57 000 грн.,Стан: Вживане,08 квітня 2024 р.
